0.0005999,0.081633,0.099099,-0.037378
0.0008999,0.14286,1,-0.039378
0.0019999,1,1,-0.034478
0.0049999,0.18367,0,-0.055878
9e-07,1,0,-0.026438
0.0005999,0.14286,1,-0.034318
7.49e-05,0.081633,0,0.023442
0.0099999,0.28571,0.099099,-0.048958
0.0009999,0.14286,0,-0.059178
4.99e-05,0.020408,0.099099,0.083482
0.0049999,0.59184,0.009009,-0.048838
1,0.18367,0.099099,0.18642
9.9e-06,1,0,-0.026358
4.9e-06,0.59184,0.009009,0.035062
0.0099999,0.59184,0.009009,-0.048058
0.0007999,0.18367,0.009009,-0.035078
9.99e-05,0.081633,0,0.0096219
0.0004999,0.18367,0.009009,-0.031478
0.0002999,0.38776,0.009009,-0.025578
0.0005999,0.28571,0.099099,-0.030998
0.0019999,0.10204,0.099099,-0.042998
9.99e-05,0.081633,1,0.043182
0.0003999,0.040816,0.099099,-0.033038
0.0049999,0.59184,0.099099,-0.038718
0.0009999,0.38776,0.099099,-0.032538
9.99e-05,0,0.009009,0.035882
9.9e-06,0.14286,0.009009,0.068082
9.9e-06,0.59184,0.009009,-0.0035381
0.0019999,0.061224,0,-0.065728
2.49e-05,0.020408,0.009009,0.1033
0.0029999,0.061224,0,-0.066018
0.0005999,0.061224,0,-0.038118
0.0039999,1,0.009009,-0.044198
0.0009999,0.16327,0.009009,-0.036758
0.0069999,1,0.009009,-0.044818
0.0005999,0.020408,0.099099,-0.040918
0.0006999,0.14286,0.009009,-0.035138
0.0069999,0.59184,0.009009,-0.048918
7.49e-05,0.040816,0,0.037242
1,0.14286,1,0.18642
4.9e-06,0.12245,0.009009,0.085062
0.0069999,0.38776,0.009009,-0.053498
9e-07,0.10204,0.099099,0.1146
0.0069999,0,0.099099,-0.063058
0.0004999,0.12245,0.099099,-0.033538
0.0029999,0.12245,0.009009,-0.062958
0.0039999,0.020408,0,-0.069618
4.99e-05,0.081633,0.009009,0.044942
0.0008999,0.12245,0.009009,-0.037838
0.0003999,0.38776,0.099099,-0.028438
0.0049999,0,0,-0.071618
0.0001999,0.10204,0,-0.017558
4.99e-05,0.081633,0,0.042422
0.0029999,0.16327,0.099099,-0.043318
0.0002999,0.59184,0.099099,-0.026418
0,1,0.099099,-0.013358
0.0069999,0.061224,0.009009,-0.067178
1,0.14286,0,0.18642
0.0001999,0,0,-0.013918
0.0059999,0.18367,0,-0.050218
7.49e-05,0.18367,0.099099,0.022242
0.0099999,0.061224,0,-0.067478
0.0005999,0.16327,0.009009,-0.033198
0.0006999,0.14286,1,-0.036718
9.99e-05,0.061224,0,0.014182
0.0059999,0.59184,1,-0.039438
0.0049999,0.10204,0.099099,-0.051118
0.0029999,0,0,-0.071318
0.0069999,0.12245,0.099099,-0.063718
9.99e-05,0.16327,1,0.0055619
0.0003999,0.081633,0.009009,-0.031638
0.0009999,1,0.009009,-0.045738
9e-07,0.28571,0,0.034242
0.0007999,0.12245,0.009009,-0.037098
0.0039999,0.020408,0.009009,-0.069898
0.0069999,0.10204,1,-0.051438
1,0.16327,0.009009,0.18642
4.9e-06,1,1,0.019782
9e-07,0.28571,1,0.079402
0.0039999,0.18367,1,-0.043558
0.0019999,0.16327,1,-0.042398
0.0008999,0.59184,1,-0.032318
0.0009999,0.38776,0,-0.052708
0.0099999,0.28571,0,-0.031078
0.0049999,0.020408,1,-0.054238
0.0039999,0.10204,0.009009,-0.064078
0.0004999,0.38776,0,-0.048438
0.0019999,0.16327,0,-0.060958
0.0004999,0.040816,0.009009,-0.036638
0.0019999,0.020408,1,-0.050318
1,0.020408,1,0.18642
0.0002999,0,0.009009,-0.027538
4.99e-05,0.061224,0.009009,0.053182
9.99e-05,1,0,-0.039558
0.0007999,0.38776,0,-0.049558
9e-07,1,0.099099,-0.015998
0.0049999,0.16327,0.009009,-0.061938
0.0019999,0.38776,0.009009,-0.052778
0.0005999,0.18367,1,-0.029798
0.0039999,0.38776,0,-0.052818
2.49e-05,0.12245,0.009009,0.055042
0.0004999,0.040816,1,-0.036958
0.0039999,0.061224,0.099099,-0.049398
0.0004999,0.16327,1,-0.032318
0.0008999,0.081633,0.099099,-0.040458
0.0099999,0.28571,1,-0.039518
0.0008999,0.28571,0.099099,-0.033198
0.0005999,0.040816,0,-0.039378
0.0005999,0,0.009009,-0.042438
0.0001999,0.16327,0.099099,-0.019158
4.99e-05,0.12245,0.099099,0.039362
2.49e-05,0.020408,1,0.1558
0.0002999,0.28571,0,-0.026198
7.49e-05,0.12245,0.009009,0.015002
0.0007999,0.061224,0.099099,-0.040898
0.0069999,0.14286,0.099099,-0.062098
0.0059999,0.28571,1,-0.046738
0.0029999,0.16327,1,-0.045798
0.0029999,0.59184,0.009009,-0.049218
0,0.18367,0.099099,0.075642
9.99e-05,0,0.099099,0.040902
1,0.081633,0.099099,0.18642
9e-07,0.061224,0,0.13056
0.0005999,0.040816,1,-0.040558
9.9e-06,1,1,0.065122
0.0029999,1,0,-0.044078
0.0039999,0.59184,0.099099,-0.036678
9.99e-05,0.28571,1,-0.0081181
0.0059999,0.020408,0.099099,-0.056918
0,0.040816,1,0.16208
0.0001999,0.020408,0.009009,-0.015478
0.0007999,0.10204,0,-0.038598
9e-07,0,0.009009,0.15568
0.0039999,0.10204,1,-0.053058
0.0007999,0.18367,0,-0.035898
0.0039999,0.081633,0.009009,-0.065638
0.0029999,0.020408,0.009009,-0.058598
0.0099999,0.14286,1,-0.050038
0.0009999,0.081633,1,-0.042078
0.0004999,0.16327,0.009009,-0.031778
0.0008999,0.081633,0,-0.041008
1,0.12245,0.099099,0.18642
0.0049999,0.061224,0.009009,-0.066958
0.0002999,0,0.099099,-0.027538
0.0009999,0.061224,0.099099,-0.042598
2.49e-05,0.12245,0,0.054442
1,0.38776,1,0.15916
1,0.040816,1,0.18642
0.0007999,0,0.009009,-0.044818
2.49e-05,0.28571,0.009009,0.084162
0.0059999,0.081633,0,-0.065898
1,0.38776,0.099099,0.094482
0,0,0.099099,0.15588
0.0004999,0.38776,0.099099,-0.029518
0.0005999,0.18367,0.009009,-0.032958
0.0003999,0.061224,0,-0.032658
4.99e-05,0.061224,1,0.13356
0.0002999,0.16327,1,-0.025878
0.0001999,0.38776,0.099099,-0.022458
1,0.16327,1,0.18642
0.0005999,0.14286,0.099099,-0.034458
9.9e-06,0.020408,1,0.16868
0.0019999,0.28571,0,-0.055628
0.0059999,0.14286,0.009009,-0.062918
0.0049999,0.14286,0.009009,-0.062578
9e-07,0,1,0.17104
9.99e-05,0.28571,0.009009,-0.0091981
9e-07,0.081633,0.099099,0.12114
1,0.59184,1,0.13848
0.0004999,0.28571,0.009009,-0.029918
0.0069999,0.12245,1,-0.052778
0.0002999,0.14286,0,-0.026938
0.0008999,1,0.099099,-0.029138
0.0004999,0.020408,0,-0.038278
9e-07,0.020408,0.009009,0.14662
0.0069999,0.38776,0.099099,-0.050398
0.0069999,0.16327,0.009009,-0.062118
4.99e-05,0.040816,0.009009,0.063842
0.0007999,0.12245,0,-0.037618
9e-07,0.061224,1,0.14466
0.0002999,0.061224,1,-0.029658
0.0029999,0.040816,0.099099,-0.049038
0.0069999,0.28571,0.099099,-0.055858
0.0002999,0,0,-0.027638
0.0001999,0.12245,0.099099,-0.017358
4.9e-06,0.020408,0,0.13732
0.0009999,0.16327,1,-0.039878
0.0059999,0.28571,0.009009,-0.056578
0.0006999,0.16327,1,-0.036358
0.0003999,0.081633,0,-0.032118
0.0039999,0.020408,1,-0.055718
0.0004999,0.14286,0,-0.032918
9.9e-06,0.12245,0.099099,0.079322
4.9e-06,0.14286,0.099099,0.083242
1,0.28571,1,0.16454
0.0006999,0,1,-0.046678
9.99e-05,0.14286,0.009009,0.0010219
4.9e-06,0.10204,1,0.126
2.49e-05,0.59184,0.099099,-0.0086981
0.0003999,0.28571,0.099099,-0.029078
4.99e-05,0.28571,0,-0.0028381
0.0099999,1,0.009009,-0.042338
0.0008999,0.28571,0.009009,-0.033298
9.99e-05,0.28571,0,-0.013458
0.0099999,0.38776,0,-0.033018
0.0059999,0.59184,0,-0.047958
0.0004999,1,0.009009,-0.042558
0.0005999,0.59184,0,-0.047638
0.0039999,0.12245,1,-0.051278
0.0099999,1,0.099099,-0.038018
0.0007999,1,1,-0.031658
0.0002999,1,0.009009,-0.037118
0.0003999,0.020408,0.099099,-0.033818
0.0006999,0,0,-0.044358
0.0019999,0.061224,0.099099,-0.046098
0,0.28571,0,0.043622
0.0059999,0.020408,0.009009,-0.069878
9.9e-06,0.38776,0,0.0064219
4.99e-05,0.081633,1,0.13944
0.0003999,0.59184,0,-0.047138
0,0.081633,0,0.12402
0.0009999,0.59184,0.099099,-0.031078
0.0069999,0,1,-0.058578
4.99e-05,0.10204,0.099099,0.046282
0.0006999,0.020408,0,-0.042628
4.9e-06,0.59184,0.099099,0.00058188
0.0019999,0.14286,0.009009,-0.052598
7.49e-05,0.28571,1,0.014542
0.0029999,0.18367,1,-0.041558
0.0003999,0.28571,1,-0.028838
0.0001999,0,0.009009,-0.013398
0.0039999,0,0,-0.071898
0.0006999,0.14286,0,-0.036428
1,0.10204,1,0.18642
4.9e-06,0,1,0.17402
0.0099999,0.28571,0.009009,-0.056438
0.0002999,0.12245,0.009009,-0.026138
2.49e-05,0.061224,0.099099,0.094102
1,0.14286,0.099099,0.18642
7.49e-05,0.061224,0,0.029622
0.0099999,0.14286,0.099099,-0.058078
0.0099999,0.12245,0,-0.040158
0.0007999,0.38776,1,-0.033278
1,1,0.009009,0.093782
0.0059999,0.59184,0.009009,-0.048818
0.0059999,0.081633,1,-0.054918
7.49e-05,0.16327,0,0.0059219
1,0.59184,0.099099,0.060722
0.0007999,0.020408,0.099099,-0.043538
0.0059999,0.12245,0.009009,-0.063858
0.0099999,0.081633,1,-0.052618
0.0006999,0.28571,0,-0.049498
4.99e-05,0.18367,0.099099,0.039962
0.0004999,0.10204,1,-0.036358
9e-07,0.061224,0.009009,0.12976
0.0003999,1,0,-0.045838
9.9e-06,0.020408,0.099099,0.13104
0.0002999,0.59184,0,-0.045958
4.99e-05,0.28571,1,0.067782
0.0001999,1,0.099099,-0.026358
0.0006999,0.38776,0,-0.048978
0.0029999,1,1,-0.034558
0.0005999,0.16327,0,-0.033998
7.49e-05,0,0.009009,0.060642
0,0.59184,0,-0.0031581
0.0003999,0.16327,0.009009,-0.029698
0.0029999,0.59184,1,-0.038738
9.99e-05,0.14286,0,-0.00027812
9.99e-05,0.18367,0.099099,0.011502
9.99e-05,0.10204,0.009009,0.0067619
9.9e-06,0.040816,1,0.1564
0.0059999,0.10204,0.099099,-0.058798
0,0.28571,1,0.084472
0.0009999,0.10204,0.009009,-0.039598
0.0059999,0.020408,1,-0.059178
0.0069999,0.28571,1,-0.044918
2.49e-05,0,1,0.15828
0,0.14286,0,0.094702
0.0009999,0.59184,0,-0.049848
0.0029999,0.10204,0,-0.064338
0.0049999,0.38776,0.099099,-0.042498
0.0002999,0.020408,0.099099,-0.027118
0.0001999,1,0.009009,-0.026338
0.0004999,0.12245,1,-0.036058
0.0004999,0.18367,0,-0.031178
0.0007999,0.28571,0.009009,-0.032578
0.0069999,0.14286,1,-0.050138
0.0059999,0.020408,0,-0.069878
0.0049999,0.12245,0.009009,-0.063718
2.49e-05,0.020408,0,0.10278
0.0005999,0.59184,0.099099,-0.029338
2.49e-05,0.061224,1,0.13732
0.0008999,0.59184,0,-0.049478
0.0005999,0.020408,0,-0.040678
4.9e-06,0.28571,0.009009,0.034082
0,0.020408,0.099099,0.14848
0.0003999,0.020408,0.009009,-0.033678
0.0003999,0.59184,1,-0.027638
0.0009999,0.081633,0.009009,-0.040918
0.0019999,0.28571,0.099099,-0.036898
0.0009999,0.10204,1,-0.041778
0,0.18367,1,0.12904
0.0069999,0.061224,0,-0.066938
0.0069999,0.59184,1,-0.038598
0.0001999,0.14286,0.099099,-0.018098
4.99e-05,1,0.099099,-0.021638
0.0029999,0.14286,0,-0.061898
0.0059999,0,0.009009,-0.072478
7.49e-05,0.10204,0,0.018622
7.49e-05,0.081633,1,0.073842
0.0019999,0.081633,0,-0.064578
9.99e-05,0.28571,0.099099,-0.0093581
0.0029999,0.18367,0.099099,-0.042318
0.0039999,0,0.099099,-0.054398
0.0008999,0.10204,0,-0.039978
4.9e-06,0.16327,0.099099,0.074782
9.9e-06,0.081633,0.009009,0.091862
7.49e-05,1,0,-0.037578
0.0019999,0.12245,0.009009,-0.046678
0.0009999,1,0,-0.044878
0.0059999,0.040816,0.099099,-0.058798
2.49e-05,0.28571,1,0.063682
4.99e-05,0.040816,0.099099,0.068702
0.0009999,0.38776,0.009009,-0.036778
2.49e-05,0.061224,0,0.080302
7.49e-05,0.16327,1,0.034182
2.49e-05,0.18367,1,0.10294
0.0059999,0.14286,1,-0.049198
0.0049999,0.081633,0.099099,-0.054378
9.9e-06,0.10204,0,0.088542
0.0029999,0.28571,0.009009,-0.055998
9.9e-06,0,1,0.18082
0.0009999,0.28571,1,-0.035318
0.0008999,0.081633,0.009009,-0.040298
0.0004999,0.16327,0.099099,-0.032518
0.0009999,0.081633,0.099099,-0.041158
0.0009999,0.18367,1,-0.034238
4.9e-06,0.59184,1,0.045702
0.0003999,0.040816,0.009009,-0.033198
0.0006999,1,1,-0.030758
4.99e-05,0,0.099099,0.096222
0.0069999,0.020408,0,-0.069998
0.0007999,0.59184,0,-0.048258
0.0069999,0.59184,0,-0.045818
0.0006999,0.061224,1,-0.040778
0.0005999,0.061224,0.099099,-0.038398
0.0049999,0.38776,0.009009,-0.053438
9e-07,0.18367,0,0.073162
9.9e-06,0.061224,1,0.1646
0.0003999,0,0.099099,-0.035038
0.0001999,0.061224,0.099099,-0.016298
0.0002999,0.14286,1,-0.026858
0.0019999,0.061224,0.009009,-0.046178
0,0,0,0.15972
9.9e-06,0.020408,0.009009,0.1236
0.0019999,0.040816,1,-0.048178
0.0005999,0,0.099099,-0.041858
0.0005999,0.040816,0.009009,-0.039118
0.0019999,0.18367,0,-0.051328
0.0002999,0.040816,1,-0.027898
4.9e-06,0.020408,1,0.15852
0.0069999,0.020408,0.099099,-0.069078
0.0039999,0,0.009009,-0.071798
9e-07,0,0,0.1596
0.0006999,0.061224,0.009009,-0.039478
0.0006999,0,0.099099,-0.043898
4.9e-06,0.10204,0,0.098662
0.0003999,0.18367,0.099099,-0.029178
0.0003999,0,0,-0.034858
9e-07,0.10204,0,0.10848
0,0.38776,0.099099,0.030722
0.0099999,0.18367,0,-0.044738
0.0007999,0.18367,1,-0.025478
0.0003999,0.28571,0,-0.028738
9.9e-06,0.16327,0.009009,0.061602
9.9e-06,0.28571,1,0.10058
7.49e-05,0.14286,1,0.055002
0.0006999,0.061224,0.099099,-0.039838
0.0049999,0.38776,0,-0.052918
9.9e-06,0.10204,0.009009,0.083222
0.0009999,0.16327,0.099099,-0.036278
0.0002999,0.38776,0,-0.039538
0.0059999,0.18367,0.099099,-0.045678
0.0039999,0.040816,1,-0.055558
0.0019999,0.14286,0.099099,-0.041098
0.0006999,0.040816,0,-0.041358
0,0.020408,1,0.171
0.0007999,0.14286,0,-0.036898
0.0006999,0.040816,0.009009,-0.040718
0.0039999,0.14286,1,-0.052198
0.0007999,1,0.099099,-0.029778
0.0009999,0.28571,0.009009,-0.033738
0,0.38776,0,0.019762
0.0004999,0.040816,0,-0.037038
0.0039999,0.061224,0.009009,-0.066898
0.0069999,0.040816,0,-0.068238
0.0002999,0.061224,0,-0.026778
0.0069999,0.081633,0.009009,-0.065718
0.0001999,0.081633,1,-0.017058
0.0099999,0.16327,0.009009,-0.062178
0.0001999,0.020408,0,-0.015938
7.49e-05,0.081633,0.009009,0.024582
0.0099999,0.18367,0.099099,-0.044918
0.0069999,0.38776,0,-0.048698
7.49e-05,0.14286,0,0.0096819
2.49e-05,0.10204,1,0.12244
4.99e-05,0.16327,1,0.080862
0.0059999,0,1,-0.058898
0.0099999,0.14286,0.009009,-0.063198
0.0005999,0.38776,0.099099,-0.030578
0.0002999,0.28571,0.099099,-0.026398
0.0007999,0.59184,0.009009,-0.044738
2.49e-05,0.081633,1,0.1324
9.99e-05,0.020408,0.009009,0.027002
0.0009999,0.14286,0.009009,-0.037458
7.49e-05,0.061224,1,0.081662
0.0059999,0.38776,0,-0.047918
0.0001999,0.16327,1,-0.018318
0.0029999,0.14286,0.009009,-0.061538
0.0006999,0.59184,0,-0.047778
9e-07,0.38776,1,0.054162
0,0.28571,0.099099,0.042622
0.0049999,0.16327,1,-0.047998
0.0005999,0.16327,0.099099,-0.033238
0.0007999,0.040816,0.099099,-0.042338
0.0001999,1,1,-0.026418
0.0003999,0.061224,0.009009,-0.032418
0.0002999,0.18367,0,-0.024298
0.0004999,0.59184,0.009009,-0.036478
0.0019999,0.59184,1,-0.036198
0.0007999,0.10204,0.009009,-0.038298
0.0069999,0.081633,0,-0.066218
0.0039999,1,0.099099,-0.035098
0.0009999,0.020408,0.099099,-0.045078
0.0006999,0.020408,0.009009,-0.042198
0.0007999,0.16327,0.009009,-0.035478
0.0008999,0.59184,0.099099,-0.030678
9e-07,0.12245,0.009009,0.10036
0,0.18367,0,0.077842
0.0006999,0.081633,1,-0.040478
2.49e-05,0.040816,0.099099,0.10202
0.0001999,0.18367,0,-0.014158
0.0039999,0.28571,0,-0.055578
0.0006999,0.12245,0,-0.037448
0.0029999,0.020408,0.099099,-0.051198
0.0029999,0.28571,0.099099,-0.040158
0.0007999,0.14286,0.099099,-0.036878
0.0003999,0.38776,0,-0.046998
0.0006999,0.38776,0.099099,-0.031078
0.0009999,0,0,-0.046808
9.9e-06,0.59184,0.099099,-0.0045181
7.49e-05,0.020408,0.099099,0.057022
9.9e-06,0.081633,0,0.097742
7.49e-05,0.18367,0.009009,0.020762
0.0005999,0.28571,0,-0.050098
0.0029999,0.020408,0,-0.069658
9e-07,0.14286,1,0.11762
0.0029999,0.020408,1,-0.051738
1,0.081633,0,0.18642
9.9e-06,0.081633,1,0.1677
4.9e-06,1,0.099099,-0.014938
9.9e-06,0.18367,0.099099,0.074822
7.49e-05,0.28571,0,-0.0051581
0.0003999,1,1,-0.028438
0.0004999,0.061224,0,-0.035918
0.0007999,0.28571,0.099099,-0.032918
7.49e-05,0.10204,1,0.065882
4.99e-05,0.38776,0.009009,-0.0048781
0.0049999,0.040816,0.099099,-0.052818
2.49e-05,0,0.099099,0.1283
0.0029999,0.16327,0,-0.061158
0.0009999,0,0.009009,-0.046558
9e-07,0.10204,1,0.13784
2.49e-05,0.040816,0.009009,0.091142
2.49e-05,0.28571,0.099099,0.022262
4.99e-05,0.14286,1,0.10604
0.0059999,0.061224,0,-0.067058
7.49e-05,0.18367,0,0.020342
4.99e-05,0,0.009009,0.088722
4.9e-06,0.040816,1,0.14924
0.0029999,0.38776,0,-0.052618
7.49e-05,0.040816,1,0.090122
4.9e-06,0.040816,0.009009,0.12132
4.99e-05,0.12245,0.009009,0.031682
0.0002999,0.10204,0.099099,-0.026378
0.0002999,1,0,-0.045038
0.0029999,0.081633,1,-0.048818
0.0005999,1,0,-0.046378
2.49e-05,1,0,0.010682
4.99e-05,0.10204,0.009009,0.037722
0.0008999,0.18367,1,-0.026678
0.0059999,1,0,-0.045218
0,0.061224,0,0.13384
9e-07,0,0.099099,0.1532
4.99e-05,1,0.009009,-0.032358
0.0005999,0.081633,1,-0.039558
0,0.10204,0.099099,0.11556
9.9e-06,0.14286,0.099099,0.072922
0,1,0,-0.022578
0.0007999,0,1,-0.048358
0.0002999,0.28571,1,-0.026098
0.0003999,0.59184,0.009009,-0.031838
0.0003999,0.020408,0,-0.034158
0.0009999,1,0.099099,-0.030298
4.99e-05,0.16327,0,0.020242
1,0.061224,0,0.18642
4.9e-06,0,0,0.14656
0.0049999,0.28571,0,-0.047538
0.0039999,0.59184,0.009009,-0.048338
0.0007999,0.28571,1,-0.033998
0.0001999,0.081633,0.009009,-0.016798
0.0049999,0.061224,0.099099,-0.051518
4.99e-05,0.28571,0.099099,0.0065419
0.0006999,0.28571,0.099099,-0.032278
0.0059999,1,0.099099,-0.036678
0.0001999,0.12245,0.009009,-0.017518
0.0049999,1,0,-0.045458
0.0019999,0.12245,1,-0.044498
9e-07,0.59184,0.009009,-0.0018581
0.0029999,0.081633,0.099099,-0.046338
0,0.16327,0.009009,0.081282
0.0059999,0.10204,0.009009,-0.064338
0.0001999,0.12245,0,-0.018038
0.0004999,0.38776,0.009009,-0.028778
0.0059999,0.38776,1,-0.043238
9e-07,0.061224,0.099099,0.13174
0.0049999,0,0.099099,-0.055138
0.0008999,0.16327,0.009009,-0.036458
9.9e-06,0.18367,0,0.069302
0.0019999,0.38776,1,-0.038818
0.0004999,0.14286,0.099099,-0.032458
0.0002999,0.081633,0.009009,-0.026458
0.0002999,0.061224,0.099099,-0.026578
0.0007999,0.061224,1,-0.043298
0.0002999,0.040816,0.009009,-0.026958
4.99e-05,0.28571,0.009009,0.0038019
0,0.59184,1,0.044042
9.99e-05,0.10204,1,0.024622
0.0002999,0.020408,0.009009,-0.026718
0.0004999,0,1,-0.041858
0.0005999,0.10204,0.009009,-0.036078
9.99e-05,0.061224,0.099099,0.018502
0,0.061224,0.099099,0.13252
0.0004999,0.081633,0.009009,-0.035098
0.0019999,0.38776,0,-0.052628
0.0049999,0.28571,0.009009,-0.056338
0.0002999,0.28571,0.009009,-0.025358
0.0099999,0.16327,0.099099,-0.056538
0,0.10204,1,0.14328
9.99e-05,0.061224,0.009009,0.015262
0.0003999,0.081633,0.099099,-0.031258
0.0069999,0.040816,0.099099,-0.068378
0.0019999,0.28571,0.009009,-0.054838
7.49e-05,0.12245,0,0.013882
0.0069999,0.061224,1,-0.056298
0.0029999,0.18367,0,-0.056738
2.49e-05,0.14286,1,0.069842
0.0069999,0.38776,1,-0.041978
0.0009999,0.12245,0,-0.053748
0.0039999,0.18367,0.099099,-0.044978
0.0019999,0.16327,0.099099,-0.039958
0.0007999,0.28571,0,-0.051218
9.99e-05,0.020408,0.099099,0.032042
0.0039999,0.18367,0,-0.057598
0.0039999,0.020408,0.099099,-0.052018
0.0002999,0.14286,0.009009,-0.026158
0.0019999,0,0.099099,-0.050678
4.9e-06,0.10204,0.009009,0.093982
2.49e-05,0.28571,0,0.041902
4.9e-06,0.38776,0.099099,0.022562
0.0009999,0,1,-0.048678
0.0029999,1,0.099099,-0.034358
9.99e-05,0.38776,1,-0.0096181
9e-07,0.12245,0,0.097942
0.0019999,0,0.009009,-0.050738
0.0005999,0.020408,1,-0.044018
9.99e-05,0.12245,0.009009,0.0038819
0.0099999,0,0.009009,-0.072218
0.0008999,0.040816,0,-0.043378
2.49e-05,0.59184,1,0.021422
0.0005999,1,0.009009,-0.046058
7.49e-05,0,0.099099,0.066982
0.0099999,0,0.099099,-0.071518
0.0049999,0.040816,0,-0.068178
7.49e-05,0.28571,0.099099,-0.0013781
0.0005999,0.14286,0,-0.034758
0.0029999,0.081633,0,-0.065218
0.0029999,0.38776,0.099099,-0.038998
0.0002999,0.040816,0.099099,-0.026878
2.49e-05,0,0,0.11496
0.0003999,0.12245,0.099099,-0.030998
4.99e-05,1,1,0.025282
7.49e-05,1,0.009009,0.0083619
9.99e-05,1,0.099099,-0.026338
1,0,1,0.18642
9.9e-06,0.12245,0.009009,0.076122
0.0007999,0.18367,0.099099,-0.037478
0.0002999,0.061224,0.009009,-0.026578
0.0019999,0.59184,0,-0.048978
0.0001999,0.59184,1,-0.026438
9.9e-06,0.040816,0,0.11618
4.9e-06,0.040816,0.099099,0.13352
0,0.040816,0.099099,0.13948
0.0006999,0.16327,0.099099,-0.034858
2.49e-05,0.061224,0.009009,0.080662
4.9e-06,0.020408,0.099099,0.13908
7.49e-05,0.020408,1,0.11288
0.0019999,0.18367,0.009009,-0.041138
0.0006999,0.28571,1,-0.032628
7.49e-05,0.12245,0.099099,0.018982
0.0019999,0.10204,1,-0.044858
0,0.10204,0.009009,0.10772
9.9e-06,0.14286,1,0.16704
0.0002999,0.020408,1,-0.028338
0.0039999,0.12245,0.099099,-0.047278
0.0009999,0.10204,0,-0.048148
0.0003999,0.040816,0,-0.033638
0.0049999,0.18367,1,-0.041218
0.0049999,1,0.099099,-0.036958
9e-07,0.020408,1,0.16318
0.0008999,0.14286,0.009009,-0.036898
1,0,0,0.18642
0.0007999,0.020408,0.009009,-0.043398
0.0009999,0.12245,0.009009,-0.038378
0.0059999,0.38776,0.009009,-0.053258
0.0009999,0.040816,0.099099,-0.044038
1,1,0,0.087602
9.99e-05,0.10204,0,0.0053419
0.0029999,1,0.009009,-0.045498
0.0001999,0.081633,0.099099,-0.016778
9.99e-05,0.59184,1,-0.017958
0.0004999,0.14286,0.009009,-0.032818
4.9e-06,0.14286,1,0.12496
0.0059999,0.061224,0.009009,-0.067278
0.0003999,0.16327,0,-0.030058
0.0009999,0.59184,0.009009,-0.048478
0.0006999,0.59184,0.099099,-0.029138
0.0001999,0.081633,0,-0.016818
0.0001999,0.061224,0.009009,-0.016458
0.0003999,0,1,-0.036308
4.9e-06,0.18367,0,0.070782
0.0039999,0.081633,1,-0.053678
0.0008999,0.12245,0.099099,-0.038518
0.0008999,0.18367,0.009009,-0.036178
0,0.18367,0.009009,0.073742
0.0004999,0.081633,0,-0.035178
0.0069999,0.020408,0.009009,-0.070438
0.0019999,0.59184,0.099099,-0.032738
9.9e-06,0.28571,0.009009,0.028202
1,0.061224,0.009009,0.18642
9.9e-06,0.18367,1,0.13716
9e-07,0.38776,0,0.013682
9.99e-05,0.16327,0.009009,-0.0014381
0,0.12245,1,0.14054
0.0059999,0.28571,0.099099,-0.047278
0.0039999,0.16327,1,-0.049638
0.0007999,0.040816,0.009009,-0.041818
0.0069999,0.061224,0.099099,-0.067278
0.0039999,0.081633,0,-0.065618
0.0007999,0.14286,0.009009,-0.036278
0.0004999,0,0.099099,-0.039378
0.0005999,0.10204,0,-0.036778
0.0006999,0.16327,0.009009,-0.034238
0.0008999,1,0.009009,-0.043418
2.49e-05,0.16327,1,0.10312
0.0029999,0.18367,0.009009,-0.043958
4.9e-06,0.16327,1,0.092562
0.0009999,0.14286,0.099099,-0.037798
0.0004999,0.28571,1,-0.028758
4.99e-05,0.12245,1,0.11756
9.9e-06,0.16327,0,0.064322
0.0004999,0.061224,0.099099,-0.035678
0.0019999,0.10204,0.009009,-0.043638
7.49e-05,0,0,0.059182
0.0001999,0.28571,1,-0.021518
0.0007999,1,0.009009,-0.045638
0.0005999,0.061224,0.009009,-0.038158
0.0019999,0.061224,1,-0.046938
1,0.020408,0.099099,0.18642
4.9e-06,0.12245,1,0.12072
0.0069999,0.18367,0.099099,-0.043378
0.0049999,0.14286,1,-0.050078
0.0069999,0.14286,0,-0.060938
7.49e-05,1,1,-0.013298
0.0004999,0.061224,1,-0.036858
0,0.59184,0.099099,0.0036419
0.0006999,0.10204,1,-0.040738
0.0049999,0.081633,0,-0.065618
0.0049999,0.10204,1,-0.049918
0.0004999,0.12245,0.009009,-0.033818
1,0.28571,0.099099,0.18404
9e-07,0.59184,0.099099,0.0024619
0.0006999,0.081633,0.099099,-0.038558
9e-07,0.081633,0.009009,0.11964
4.9e-06,0.12245,0,0.088742
0.0004999,0.020408,0.009009,-0.037898
2.49e-05,0.18367,0.009009,0.054742
0.0003999,0.38776,1,-0.031418
4.9e-06,0.59184,0,-0.0086981
0,0.081633,1,0.16072
0.0059999,0.040816,0.009009,-0.068558
9e-07,0.081633,0,0.1203
0.0008999,0,0.009009,-0.045818
0.0003999,0.10204,0,-0.031338
0.0008999,0,1,-0.048578
4.99e-05,1,0,-0.037918
0.0049999,0.59184,0,-0.047958
0.0099999,0.18367,1,-0.033258
9.9e-06,0.16327,1,0.15468
0.0006999,0.081633,0.009009,-0.038358
0.0059999,1,0.009009,-0.045678
0.0006999,0.38776,1,-0.031978
0.0002999,0.081633,0,-0.026798
0.0059999,0.061224,1,-0.055938
7.49e-05,0.59184,1,-0.015498
9.9e-06,0.14286,0,0.072342
9.99e-05,0.18367,0,0.010262
0.0003999,0.10204,0.009009,-0.030918
9.9e-06,0.081633,0.099099,0.10048
0,0.14286,1,0.13244
0.0007999,0.38776,0.099099,-0.030958
0.0099999,0.16327,0,-0.023798
4.9e-06,0.18367,0.099099,0.079142
2.49e-05,0.12245,0.099099,0.061722
0.0069999,0.020408,1,-0.058318
0.0003999,0,0.009009,-0.034498
9.99e-05,0.38776,0,-0.028078
0.0001999,0.16327,0.009009,-0.018418
0.0008999,1,0,-0.045478
0.0001999,0.18367,0.099099,-0.012938
4.99e-05,0.14286,0.099099,0.030602
0.0002999,0.081633,0.099099,-0.026078
9e-07,0.12245,0.099099,0.1003
0.0069999,1,0,-0.045138
0.0008999,0.16327,0,-0.057808
7.49e-05,0.59184,0.009009,0.013642
0.0099999,0.59184,0.099099,-0.045298
0.0029999,0.38776,1,-0.039098
9e-07,0.14286,0.099099,0.095322
0.0029999,0.12245,1,-0.045678
0.0039999,0.040816,0.099099,-0.050738
2.49e-05,0.38776,0,0.030522
0.0003999,0.28571,0.009009,-0.028278
9e-07,0.28571,0.009009,0.040762
0.0007999,0.12245,0.099099,-0.037718
0.0004999,0.12245,0,-0.033518
0.0059999,0.12245,0,-0.062818
0.0004999,0.16327,0,-0.032158
0.0007999,0.020408,0,-0.043478
9.9e-06,0.18367,0.009009,0.063102
0.0049999,0.081633,0.009009,-0.065378
0.0099999,0.061224,1,-0.055258
9.99e-05,0.040816,0.009009,0.019722
0.0099999,0.10204,0,-0.059578
0.0039999,0.061224,1,-0.053458
0.0059999,0.16327,0.099099,-0.051278
4.9e-06,0.16327,0,0.072602
0.0039999,0.10204,0.099099,-0.047758
0.0049999,0.18367,0.099099,-0.046598
0,1,1,0.030522
0.0007999,0,0,-0.045198
0.0008999,0.040816,1,-0.045338
0.0049999,0,0.009009,-0.071918
9.99e-05,0,1,0.083622
0.0008999,0.061224,0.099099,-0.041758
0.0006999,0.16327,0,-0.035858
0.0006999,0.59184,1,-0.032118
0.0019999,0.18367,1,-0.040278
0.0099999,1,1,-0.033158
4.9e-06,0.081633,0.009009,0.1029
4.99e-05,0.18367,0,0.033522
0.0099999,0.081633,0,-0.066478
0.0059999,0.16327,0.009009,-0.061878
9.9e-06,0.38776,1,0.14158
0.0002999,0.10204,1,-0.026298
0.0005999,0.12245,0.009009,-0.035138
0.0008999,0.10204,1,-0.040238
0.0029999,0.081633,0.009009,-0.064898
0.0003999,0.14286,0,-0.030698
0.0069999,0.10204,0.009009,-0.064218
0.0007999,0.020408,1,-0.045198
0.0099999,0.14286,0,-0.043258
0.0029999,0.040816,0,-0.067738
0.0001999,0,0.099099,-0.011738
2.49e-05,0.020408,0.099099,0.11694
4.9e-06,0.040816,0,0.12774
0.0006999,0.10204,0,-0.038358
0.0002999,0.18367,1,-0.019458
9.99e-05,0.59184,0.009009,-0.027238
7.49e-05,0.020408,0,0.046622
9e-07,0.10204,0.009009,0.10892
0.0005999,0,0,-0.042418
0,0.38776,1,0.085002
0.0003999,0.12245,0.009009,-0.030778
1,0.38776,0,0.11244
0.0008999,0.020408,0.099099,-0.044418
4.9e-06,0.12245,0.099099,0.095742
2.49e-05,0.38776,0.009009,0.076442
0.0003999,0.081633,1,-0.031838
9.9e-06,0.020408,0,0.12604
0.0002999,0.12245,0.099099,-0.026158
0.0009999,0.020408,0.009009,-0.044838
0.0039999,0.040816,0,-0.068158
0.0049999,0.12245,1,-0.050058
0.0049999,0.020408,0.009009,-0.070338
9.9e-06,0.59184,0,-0.011438
0.0069999,0.18367,0,-0.050858
9.99e-05,0.12245,0,0.0023819
0,0.12245,0.099099,0.10444
9.9e-06,0.16327,0.099099,0.066282
1,0.28571,0.009009,0.1743
7.49e-05,0.38776,1,-0.0030181
0.0059999,0.59184,0.099099,-0.040758
0,0.12245,0,0.1033
9.9e-06,0.10204,1,0.16534
9.99e-05,0,0,0.035302
0.0039999,0.10204,0,-0.064438
0.0001999,0.14286,1,-0.017678
4.99e-05,0.59184,0.009009,-0.020978
0.0039999,0.14286,0.009009,-0.062218
0,0,0.009009,0.15484
0.0008999,0.020408,0,-0.044248
0,0.081633,0.099099,0.11962
0.0039999,0.16327,0.009009,-0.061278
0.0049999,0.28571,0.099099,-0.045198
0.0003999,0.38776,0.009009,-0.027958
7.49e-05,0.59184,0.099099,-0.015578
0.0008999,0.10204,0.009009,-0.038918
4.99e-05,0.040816,0,0.061522
1,0.14286,0.009009,0.18642
9.99e-05,0.38776,0.009009,-0.015638
0.0002999,1,0.099099,-0.027798
0.0069999,0.081633,0.099099,-0.065238
2.49e-05,0,0.009009,0.11466
0.0007999,0.061224,0.009009,-0.040838
0.0099999,0,1,-0.060678
0.0009999,0.020408,0,-0.045208
7.49e-05,0.061224,0.009009,0.031002
0.0009999,0.38776,1,-0.034778
1,0.59184,0,0.097542
9.9e-06,0.38776,0.009009,0.012942
9.99e-05,0.081633,0.099099,0.014582
0.0006999,0.10204,0.099099,-0.037798
0.0001999,0.061224,0,-0.016518
4.99e-05,0.59184,1,0.028342
0.0001999,0.59184,0.009009,-0.024138
1,0.040816,0.099099,0.18642
0.0049999,0.10204,0,-0.064718
7.49e-05,1,0.099099,-0.024138
0.0099999,0.10204,0.009009,-0.064958
9.99e-05,0.18367,1,0.012102
0.0039999,0.040816,0.009009,-0.068378
1,0.040816,0.009009,0.18642
4.9e-06,0.081633,0.099099,0.11192
7.49e-05,0.16327,0.099099,0.012582
0.0009999,0.28571,0,-0.055278
9e-07,0.16327,1,0.11108
0.0002999,0.18367,0.009009,-0.023778
0.0003999,0.061224,0.099099,-0.031778
4.99e-05,0.020408,0,0.072642
0.0006999,0.59184,0.009009,-0.044978
0.0002999,0.12245,1,-0.027818
1,0.28571,0,0.17718
0.0001999,0.16327,0,-0.019298
4.99e-05,0.061224,0.099099,0.059002
0.0009999,0.12245,1,-0.040338
0.0029999,0.10204,0.009009,-0.063898
0.0009999,0.18367,0,-0.037508
0.0008999,1,1,-0.031438
0.0029999,0.12245,0,-0.062758
0.0069999,1,1,-0.033598
0.0001999,0.061224,1,-0.019478
0.0019999,0.10204,0,-0.063778
4.99e-05,0.38776,0.099099,-0.0013981
0.0007999,0.040816,0,-0.042078
4.99e-05,0.16327,0.099099,0.027042
9.99e-05,0.040816,0.099099,0.024422
0.0003999,0.10204,0.099099,-0.031438
2.49e-05,0.12245,1,0.11988
9e-07,0.38776,0.099099,0.029602
0.0001999,0.020408,1,-0.013078
0.0019999,0.28571,1,-0.040318
0.0019999,0.040816,0.099099,-0.047518
0.0005999,1,0.099099,-0.028798
0.0003999,0.061224,1,-0.033518
0.0002999,0.18367,0.099099,-0.023678
9.99e-05,0.59184,0,-0.036958
0.0001999,0.14286,0.009009,-0.018198
9.99e-05,0.16327,0.099099,2.1879e-05
9.9e-06,0.59184,1,0.086482
0.0008999,0.12245,1,-0.040358
9.99e-05,0.081633,0.009009,0.010482
0.0006999,0,0.009009,-0.043978
0.0069999,0.28571,0.009009,-0.056118
0.0099999,0.59184,0,-0.043458
1,0.020408,0.009009,0.18642
0.0003999,0.14286,0.009009,-0.030138
0.0004999,1,0,-0.046138
1,0.59184,0.009009,0.077722
0.0006999,0.28571,0.009009,-0.031938
9e-07,0.16327,0.009009,0.081222
0.0019999,0.12245,0,-0.062558
0.0006999,0.38776,0.009009,-0.030938
4.9e-06,1,0,-0.024898
0.0001999,0.28571,0.009009,-0.020738
0.0005999,0.16327,1,-0.034758
0.0059999,0.12245,0.099099,-0.053278
9.99e-05,0.38776,0.099099,-0.014898
0.0001999,0.020408,0.099099,-0.014458
0.0005999,0.18367,0,-0.033638
4.99e-05,0.10204,1,0.13016
0.0007999,0.59184,0.099099,-0.029858
7.49e-05,0.12245,1,0.050742
1,0.020408,0,0.18642
9.9e-06,0.12245,0,0.081122
0.0059999,0.18367,1,-0.045478
9e-07,0.59184,1,0.031582
0.0029999,0,0.099099,-0.052878
0.0004999,0.10204,0.009009,-0.034278
9e-07,0.28571,0.099099,0.047342
0.0007999,0.12245,1,-0.039058
0.0019999,0.081633,1,-0.045318
4.99e-05,0.020408,1,0.15178
0.0059999,0.061224,0.099099,-0.058358
0.0006999,0.18367,0.099099,-0.035798
2.49e-05,0.14286,0.009009,0.048682
0.0002999,0.081633,1,-0.026358
0.0007999,0.081633,0.009009,-0.039758
0.0049999,0.16327,0,-0.055518
9e-07,1,0.009009,-0.019438
0.0039999,0.59184,1,-0.040558
0.0029999,0.040816,1,-0.049838
0.0008999,0.061224,0,-0.042078
9.9e-06,0.12245,1,0.16464
9e-07,0.020408,0,0.1501
9.99e-05,0.12245,1,0.018162
1,0.040816,0,0.18642
0.0005999,0.061224,1,-0.039078
4.99e-05,0.14286,0.009009,0.026182
0.0009999,0.020408,1,-0.047678
0.0069999,0.040816,0.009009,-0.068638
2.49e-05,0.10204,0,0.062382
0.0003999,0.10204,1,-0.031598
0.0019999,0.38776,0.099099,-0.035918
0.0001999,1,0,-0.041818
0.0009999,0.18367,0.009009,-0.036618
0.0005999,0.12245,0.099099,-0.035478
7.49e-05,0,1,0.1164
0.0001999,0.10204,0.009009,-0.017158
4.9e-06,0.38776,0.009009,0.017522
0,0.12245,0.009009,0.099822
0.0029999,0.10204,1,-0.045478
0.0059999,0.081633,0.009009,-0.065338
0,0.061224,1,0.15772
0.0069999,0.081633,1,-0.054878
0.0008999,0.18367,0.099099,-0.037578
0.0002999,0.12245,0,-0.027118
0.0039999,0.28571,0.099099,-0.042618
0.0019999,0.020408,0.009009,-0.048998
9.9e-06,0.10204,0.099099,0.090722
0.0004999,0.020408,0.099099,-0.037698
9.9e-06,0.040816,0.009009,0.11278
0.0005999,0.28571,1,-0.032058
4.9e-06,0.061224,0,0.11674
0.0019999,0.040816,0.009009,-0.047718
4.99e-05,0.38776,1,0.050962
0.0029999,0.061224,0.099099,-0.047958
0.0003999,1,0.099099,-0.028438
2.49e-05,0.38776,0.099099,0.0069419
7.49e-05,0.040816,0.009009,0.038502
0.0003999,0.16327,0.099099,-0.029898
0.0006999,0.081633,0,-0.039398
0.0049999,0,1,-0.054838
4.99e-05,0.12245,0,0.029442
0.0003999,0.18367,0,-0.028598
0.0003999,0.12245,0,-0.030638
0.0049999,1,0.009009,-0.044378
2.49e-05,0.18367,0.099099,0.058442
0.0005999,1,1,-0.030638
0.0007999,0.061224,0,-0.041198
0.0019999,0,1,-0.051778
1,0.081633,0.009009,0.18642
0.0004999,0.28571,0.099099,-0.030258
0.0099999,0.38776,0.099099,-0.049698
0.0001999,0.59184,0,-0.037158
0.0049999,0.061224,0,-0.066918
0.0004999,0.14286,1,-0.034678
0.0002999,0.10204,0,-0.026878
9e-07,0.040816,0.099099,0.13636
0.0099999,1,0,-0.041958
0.0069999,0.18367,0.009009,-0.047058
0.0006999,1,0.009009,-0.042718
0.0019999,0.16327,0.009009,-0.055758
0.0039999,0.18367,0.009009,-0.051398
0.0001999,0.38776,1,-0.024318
0.0059999,1,1,-0.034638
0.0004999,0.081633,0.099099,-0.035298
9e-07,0.38776,0.009009,0.020682
2.49e-05,1,0.009009,0.061682
0.0049999,0.12245,0,-0.061698
0.0004999,0,0,-0.039558
4.9e-06,0.061224,0.099099,0.11848
0.0006999,0.020408,0.099099,-0.042538
0.0069999,0.12245,0,-0.053198
1,0.12245,0,0.18642
0.0099999,0.12245,1,-0.048558
4.99e-05,0.14286,0,0.024102
1,0.061224,1,0.18642
0.0001999,0,1,-0.013778
0.0005999,0.18367,0.099099,-0.034118
0.0002999,0.59184,1,-0.026218
0.0007999,0.10204,1,-0.039718
7.49e-05,0.061224,0.099099,0.034702
0.0019999,0.020408,0,-0.068028
0.0039999,0.28571,0.009009,-0.055878
0.0099999,0,0,-0.071798
2.49e-05,0.14286,0.099099,0.059802
0.0019999,0.081633,0.009009,-0.045058
0.0006999,0.061224,0,-0.040158
4.9e-06,0.16327,0.009009,0.070142
0.0049999,0.10204,0.009009,-0.064218
1,0.18367,0.009009,0.18642
0.0049999,0.081633,1,-0.052038
0.0007999,0.040816,1,-0.042618
4.99e-05,0.10204,0,0.035622
7.49e-05,0.14286,0.099099,0.015182
0.0008999,0.28571,0,-0.053878
0.0099999,0.040816,0.009009,-0.068458
0.0004999,0.020408,1,-0.039958
4.9e-06,0.10204,0.099099,0.10112
0.0059999,0.14286,0.099099,-0.055658
4.99e-05,0.081633,0.099099,0.049722
2.49e-05,0.18367,0,0.052042
4.99e-05,0.18367,1,0.1083
0.0039999,1,0,-0.044558
0.0039999,0.38776,1,-0.044818
0.0099999,0.12245,0.009009,-0.063918
1,1,0.099099,0.094242
7.49e-05,0.10204,0.099099,0.022162
0.0001999,0.14286,0,-0.018678
0.0029999,0.14286,1,-0.045078
0.0004999,1,0.099099,-0.028178
9.9e-06,1,0.009009,-0.017898
0.0008999,0.12245,0,-0.039148
0.0029999,0.59184,0,-0.048738
0.0007999,0.10204,0.099099,-0.038918
0.0029999,0.38776,0.009009,-0.053058
0.0008999,0.040816,0.009009,-0.042738
0.0005999,0.59184,1,-0.032238
0.0005999,0.38776,0.009009,-0.030238
0.0049999,0.040816,0.009009,-0.068458
0.0099999,0.040816,0,-0.068278
0.0069999,0.10204,0,-0.064738
2.49e-05,0.081633,0,0.070622
0,0,1,0.17956
0.0003999,1,0.009009,-0.041998
0.0099999,0.040816,1,-0.056318
0.0005999,0.10204,0.099099,-0.036518
0.0039999,0.16327,0.099099,-0.046658
0.0005999,0.12245,0,-0.035898
0.0001999,0.040816,0.009009,-0.015958
4.9e-06,0.18367,0.009009,0.067722
1,0.16327,0,0.18642
0.0008999,0.14286,0,-0.052248
0.0009999,1,1,-0.032458
0.0049999,0.14286,0.099099,-0.050298
0.0029999,0,0.009009,-0.060638
7.49e-05,0.38776,0.009009,0.028302
0.0099999,0.10204,1,-0.051138
0.0019999,0.040816,0,-0.066258
7.49e-05,0.040816,0.099099,0.045722
0.0005999,0,1,-0.044158
0.0005999,0.040816,0.099099,-0.039078
0.0008999,0.38776,0,-0.052078
9.9e-06,0.061224,0.009009,0.1016
0.0008999,0.38776,0.099099,-0.031758
9e-07,0.040816,1,0.15686
0.0019999,0.12245,0.099099,-0.041838
0,0.10204,0,0.11356
9.9e-06,0.061224,0,0.10598
0.0008999,0.38776,0.009009,-0.036358
0.0005999,0.38776,1,-0.031258
9.99e-05,0.59184,0.099099,-0.020818
0.0049999,0.38776,1,-0.039298
4.9e-06,0.28571,0.099099,0.040042
9.99e-05,1,1,-0.023658
1,0.16327,0.099099,0.18642
0.0009999,0.18367,0.099099,-0.038018
0.0099999,0.061224,0.009009,-0.067318
9e-07,0.081633,1,0.15382
0.0099999,0.18367,0.009009,-0.045258
0.0007999,0.16327,0.099099,-0.035638
4.9e-06,0.081633,1,0.14422
0.0059999,0.16327,0,-0.052518
9.9e-06,0.38776,0.099099,0.017382
0.0009999,0.14286,1,-0.039878
9e-07,0.14286,0.009009,0.090042
0.0049999,0.020408,0.099099,-0.053538
1,0.081633,1,0.18642
0.0029999,0.14286,0.099099,-0.043438
4.9e-06,1,0.009009,0.021082
0.0019999,0.18367,0.099099,-0.040498
0.0002999,0.040816,0,-0.027038
0.0009999,0.28571,0.099099,-0.033738
9.99e-05,1,0.009009,-0.034038
0.0069999,0.28571,0,-0.045538
0.0005999,0.020408,0.009009,-0.040658
0.0059999,0.040816,0,-0.068118
0.0009999,0.061224,1,-0.042078
0.0099999,0.040816,0.099099,-0.068818
0.0029999,0.10204,0.099099,-0.045198
0.0006999,0.12245,0.009009,-0.036538
0.0004999,0.59184,1,-0.031398
0.0069999,0,0,-0.071838
0.0001999,0.28571,0,-0.021178
0.0069999,0.12245,0.009009,-0.063698
0.0007999,0.59184,1,-0.032478
0.0049999,0.59184,1,-0.038478
0.0005999,0.14286,0.009009,-0.034118
0.0049999,1,1,-0.034038
2.49e-05,1,0.099099,-0.020938
0.0004999,0.081633,1,-0.036018
0.0007999,0.16327,1,-0.038558
0.0069999,0.14286,0.009009,-0.063318
0.0004999,0.18367,1,-0.029918
0.0069999,0.040816,1,-0.056778
0.0059999,0.18367,0.009009,-0.046938
0.0009999,0.040816,0.009009,-0.043638
0.0019999,0.081633,0.099099,-0.043908
9e-07,0.14286,0,0.087962
0.0006999,0.12245,0.099099,-0.036798
1,0.18367,1,0.18642
1,0.18367,0,0.18642
0.0002999,0.38776,0.099099,-0.025658
0.0029999,0.59184,0.099099,-0.036238
7.49e-05,0.38776,0.099099,-0.0072181
0.0039999,0.38776,0.009009,-0.053378
0.0008999,0.14286,0.099099,-0.037518
1,0.38776,0.009009,0.11786
0.0019999,0.59184,0.009009,-0.048818
4.99e-05,0.16327,0.009009,0.021682
0.0059999,0.10204,1,-0.054238
0.0009999,0.16327,0,-0.058708
0,0.59184,0.009009,-0.00041812
0.0004999,0.10204,0,-0.034318
0.0069999,0.10204,0.099099,-0.063998
0.0059999,0.38776,0.099099,-0.048658
7.49e-05,0.14286,0.009009,0.010942
4.9e-06,0.38776,0,0.011582
9e-07,0.040816,0,0.14104
0.0059999,0.040816,1,-0.057798
0.0059999,0.10204,0,-0.061518
0.0001999,0.38776,0.009009,-0.022358
0.0002999,0.16327,0.099099,-0.025598
0.0009999,0.061224,0,-0.042508
0.0069999,0.16327,0.099099,-0.057038
9.99e-05,0.10204,0.099099,0.0092419
0.0099999,0.10204,0.099099,-0.064958
0.0004999,0.061224,0.009009,-0.035758
1,0.12245,1,0.18642
0.0008999,0.16327,0.099099,-0.036498
0.0019999,0.14286,0,-0.061958
0.0002999,0.020408,0,-0.026998
4.99e-05,0.040816,1,0.1469
0,0.16327,0.099099,0.092282
4.9e-06,0.061224,1,0.15386
0.0019999,1,0,-0.043178
9e-07,0.18367,1,0.1066
0,0.38776,0.009009,0.022902
0.0099999,0.020408,0,-0.070458
0.0002999,0.16327,0.009009,-0.025958
0.0001999,0.38776,0,-0.028578
0.0006999,0.12245,1,-0.039498
0.0049999,0.12245,0.099099,-0.050278
9e-07,0.18367,0.009009,0.075542
0.0059999,0.081633,0.099099,-0.060138
0.0029999,0.16327,0.009009,-0.060738
4.9e-06,0.14286,0,0.080262
0.0007999,0.16327,0,-0.044678
7.49e-05,0.020408,0.009009,0.048482
0.0069999,0.59184,0.099099,-0.045578
0.0004999,1,1,-0.031358
0.0008999,0.28571,1,-0.035638
0.0006999,1,0,-0.045708
4.99e-05,0.59184,0.099099,-0.012878
0.0005999,0.38776,0,-0.048718
0.0029999,0.040816,0.009009,-0.063638
0.0006999,0.040816,0.099099,-0.040678
9e-07,0.59184,0,-0.0090781
0.0019999,0.020408,0.099099,-0.049358
0.0039999,0.28571,1,-0.044918
9e-07,0.040816,0.009009,0.13872
1,0.061224,0.099099,0.18642
9.99e-05,0.16327,0,-0.0025181
0.0069999,0.16327,1,-0.048578
2.49e-05,1,1,0.018262
0.0049999,0.28571,1,-0.045578
0.0039999,0.16327,0,-0.060258
7.49e-05,0.10204,0.009009,0.019642
0.0008999,0,0.099099,-0.046238
0.0008999,0,0,-0.046048
0,0.040816,0,0.14362
0.0003999,0.12245,1,-0.032038
0.0001999,0.040816,0,-0.016398
0.0008999,0.020408,1,-0.047498
4.9e-06,0,0.009009,0.14092
0.0049999,0.14286,0,-0.062418
0.0099999,0.38776,1,-0.036838
0.0059999,0.16327,1,-0.051098
0.0003999,0.18367,1,-0.026898
0.0019999,1,0.009009,-0.045358
0.0003999,0.18367,0.009009,-0.028378
0.0005999,0.081633,0,-0.037458
0.0008999,0.18367,0,-0.037178
0.0006999,0.18367,1,-0.019998
0.0006999,0.10204,0.009009,-0.037518
0.0003999,0.16327,1,-0.028898
2.49e-05,0.081633,0.009009,0.071602
2.49e-05,0.040816,0,0.091122
0.0059999,0.12245,1,-0.052738
0.0009999,0.12245,0.099099,-0.038498
0.0007999,0.081633,0.099099,-0.039818
0.0039999,0,1,-0.056158
0.0049999,0.061224,1,-0.053038
4.99e-05,0.020408,0.009009,0.074722
4.99e-05,0.18367,0.009009,0.035682
0.0001999,0.59184,0.099099,-0.023778
0.0001999,0.10204,0.099099,-0.017018
4.99e-05,0,1,0.15666
4.9e-06,0.18367,1,0.1195
0.0039999,0.38776,0.099099,-0.040778
0.0099999,0.020408,0.009009,-0.070278
0.0001999,0.28571,0.099099,-0.020558
0.0006999,0.14286,0.099099,-0.035498
9e-07,0.16327,0.099099,0.084762
1,0.10204,0.099099,0.18642
9.99e-05,0.14286,0.099099,0.0034819
4.9e-06,0.061224,0.009009,0.11182
0.0008999,0.16327,1,-0.040298
0.0008999,0.040816,0.099099,-0.043438
0.0008999,0.061224,0.009009,-0.041898
0.0001999,0.12245,1,-0.018658
0.0069999,0.18367,1,-0.044918
0.0029999,0.28571,0,-0.055198
0.0009999,0,0.099099,-0.047098
0.0008999,0.061224,1,-0.043058
0.0007999,0.14286,1,-0.038298
0.0002999,1,1,-0.027058
0.0009999,0.59184,1,-0.032578
0,0.081633,0.009009,0.11784
2.49e-05,0.081633,0.099099,0.080562
0.0003999,0.59184,0.099099,-0.027758
0,0.040816,0.009009,0.13718
0.0069999,0.16327,0,-0.056778
0.0001999,0.040816,0.099099,-0.015698
0.0002999,0.16327,0,-0.026318
0.0099999,0.020408,1,-0.059278
0,0.020408,0.009009,0.14614
7.49e-05,0.38776,0,-0.021278
0.0099999,0.081633,0.099099,-0.066318
0.0029999,0.061224,0.009009,-0.066478
0.0099999,0.16327,1,-0.043958
4.9e-06,0.28571,1,0.11448
0.0003999,0.040816,1,-0.034718
0.0007999,0.081633,1,-0.040118
0.0069999,0,0.009009,-0.072118
0.0008999,0.10204,0.099099,-0.039038
4.9e-06,0.28571,0,0.032702
0,0.020408,0,0.15242
0,0.28571,0.009009,0.042122
0.0002999,0.10204,0.009009,-0.026238
0.0005999,0.081633,0.009009,-0.037278
0.0019999,1,0.099099,-0.032348
9e-07,0.020408,0.099099,0.14536
2.49e-05,0.16327,0.009009,0.041222
4.9e-06,0.14286,0.009009,0.078062
9.99e-05,0.020408,1,0.075162
0.0049999,0.020408,0,-0.069778
2.49e-05,0.10204,0.009009,0.062562
0.0009999,0.10204,0.099099,-0.040118
0.0002999,0.38776,1,-0.029378
2.49e-05,0.16327,0,0.040762
0.0039999,0.12245,0.009009,-0.062798
0.0005999,0.28571,0.009009,-0.031078
1,0,0.009009,0.18642
0.0004999,0.59184,0.099099,-0.029478
0.0049999,0.18367,0.009009,-0.053238
0.0006999,1,0.099099,-0.028778
4.99e-05,0.061224,0,0.051402
1,0.10204,0,0.18642
1,0.12245,0.009009,0.18642
0.0019999,0.14286,1,-0.043618
0.0099999,0.061224,0.099099,-0.066918
4.9e-06,0.38776,1,0.072682
0,0.14286,0.009009,0.090382
0.0001999,0.18367,0.009009,-0.013078
9.99e-05,0.040816,0,0.019162
9.9e-06,0.040816,0.099099,0.12312
9e-07,0.18367,0.099099,0.085542
0.0039999,0.14286,0,-0.062198
0.0049999,0.040816,1,-0.052678
0.0099999,0.020408,0.099099,-0.070998
0.0002999,0,1,-0.030538
0.0006999,0.18367,0.009009,-0.034118
9.99e-05,0.18367,0.009009,0.010482
0.0006999,0.020408,1,-0.044858
4.99e-05,0.59184,0,-0.031398
0.0039999,1,1,-0.037358
0.0005999,0.59184,0.009009,-0.037118
0.0004999,0.040816,0.099099,-0.036858
4.9e-06,0.020408,0.009009,0.13136
0.0007999,0.38776,0.009009,-0.035598
2.49e-05,0.040816,1,0.15202
0.0059999,0,0.099099,-0.056498
0.0008999,0.59184,0.009009,-0.045058
1,0,0.099099,0.18642
0.0099999,0.38776,0.009009,-0.053698
0.0099999,0.12245,0.099099,-0.063958
1,1,1,-0.029378
0.0059999,0.14286,0,-0.058498
0.0009999,0.061224,0.009009,-0.042558
9.99e-05,0.061224,1,0.046562
0.0004999,0.10204,0.099099,-0.034378
7.49e-05,0.59184,0,-0.033258
0.0004999,0.59184,0,-0.047378
0.0003999,0.020408,1,-0.035638
0,0.16327,1,0.13344
0,0.061224,0.009009,0.1267
9.9e-06,0,0.009009,0.13286
7.49e-05,0.18367,1,0.057102
0.0039999,0.12245,0,-0.063418
0.0007999,0.081633,0,-0.040078
9.9e-06,0,0.099099,0.14012
0.0019999,0,0,-0.069108
0.0099999,0.59184,1,-0.040538
9e-07,0.12245,1,0.12384
9.9e-06,0.28571,0.099099,0.033122
2.49e-05,0.14286,0,0.047542
0.0006999,0.18367,0,-0.035208
9.9e-06,0.28571,0,0.025242
0.0003999,0.14286,1,-0.031938
2.49e-05,0.59184,0,0.017502
0.0002999,0.14286,0.099099,-0.026418
7.49e-05,0.28571,0.009009,0.033542
0.0005999,0.12245,1,-0.037438
2.49e-05,0.16327,0.099099,0.052402
0.0039999,0.59184,0,-0.048278
0.0039999,0.061224,0,-0.066958
0.0039999,0.081633,0.099099,-0.048398
0.0069999,1,0.099099,-0.036538
0.0001999,0.10204,1,-0.020018
0.0029999,0.12245,0.099099,-0.044358
0.0004999,0,0.009009,-0.039138
9.99e-05,0.020408,0,0.025462
0.0009999,0.040816,1,-0.044958
0.0009999,0.081633,0,-0.041378
0.0006999,0.040816,1,-0.042698
0,0.14286,0.099099,0.097042
0.0007999,1,0,-0.046158
9.99e-05,0.12245,0.099099,0.0063219
0,0.16327,0,0.085642
0.0008999,0.38776,1,-0.033318
9.9e-06,0.061224,0.099099,0.1124
0.0009999,0.040816,0,-0.044178
4.99e-05,0.38776,0,-0.019798
1,0.10204,0.009009,0.18642
0.0099999,0.081633,0.009009,-0.066118
0.0001999,0.040816,1,-0.012378
0.0029999,0.28571,1,-0.041918
9.9e-06,0,0,0.13534
0.0029999,0,1,-0.052838
0.0059999,0,0,-0.071698
0.0008999,0.020408,0.009009,-0.043958
7.49e-05,0.16327,0.009009,0.0079019
2.49e-05,0.59184,0.009009,0.068562
9.99e-05,0.14286,1,0.010902
0.0004999,0.28571,0,-0.042958
9e-07,0.16327,0,0.079102
0.0049999,0.16327,0.099099,-0.048178
9e-07,1,1,0.013462
7.49e-05,0.081633,0.099099,0.028062
0.0008999,0.081633,1,-0.042558
0,1,0.009009,-0.018158
0.0005999,0.10204,1,-0.038138
9.99e-05,0.040816,1,0.065542
2.49e-05,0.38776,1,0.012882
0.0029999,0.061224,1,-0.049978
0.0002999,0.59184,0.009009,-0.026618
0.0004999,0.38776,1,-0.031618
4.99e-05,0,0,0.086242
4.9e-06,0.081633,0,0.10748
9.9e-06,1,0.099099,-0.019678
0.0059999,0.28571,0,-0.050198
0.0001999,0.18367,1,-0.019938
0.0003999,0.14286,0.099099,-0.030218
0.0007999,0,0.099099,-0.045258
0.0039999,0.14286,0.099099,-0.046858
2.49e-05,0.10204,0.099099,0.076602
0.0004999,0.18367,0.099099,-0.033158
4.9e-06,0,0.099099,0.14724
